<?xml version="1.0" encoding="UTF-8"?>
<project-private xmlns="http://www.netbeans.org/ns/project-private/1">
    <editor-bookmarks xmlns="http://www.netbeans.org/ns/editor-bookmarks/2" lastBookmarkId="0"/>
    <open-files xmlns="http://www.netbeans.org/ns/projectui-open-files/2">
        <group>
            <file>file:/C:/Users/HP/Documents/projek/Penjualan_lidi/src/gui/menuutama.java</file>
            <file>file:/C:/Users/HP/Documents/projek/Penjualan_lidi/src/gui/laporan.java</file>
            <file>file:/C:/Users/HP/Documents/projek/Penjualan_lidi/src/gui/menuutama1.java</file>
            <file>file:/C:/Users/HP/Documents/projek/Penjualan_lidi/src/gui/databarang.java</file>
            <file>file:/C:/Users/HP/Documents/projek/Penjualan_lidi/src/gui/login.java</file>
            <file>file:/C:/Users/HP/Documents/projek/Penjualan_lidi/src/gui/transaksi.java</file>
            <file>file:/C:/Users/HP/Documents/projek/Penjualan_lidi/src/gui/about.java</file>
        </group>
    </open-files>
</project-private>
